-- ============================================================
-- INSERT SQL generated from backup.dump (PostgreSQL BOOKSTORE)
-- Database: BOOKSTORE, Schema: dbo
-- ============================================================

SET client_encoding = 'UTF8';
SET standard_conforming_strings = on;

-- ============================================================
-- Table: dbo.roles (4 rows)
-- ============================================================
INSERT INTO dbo.roles (roleid, rolename) VALUES
  ('4', 'ADMIN')
;

-- ============================================================
-- Table: dbo.publishers (18 rows)
-- ============================================================
INSERT INTO dbo.publishers (publisherid, publishername, contactemail, address, isdeleted) VALUES
  ('1', 'Nhà Xuất Bản Trẻ', 'nxbtre@nxbtre.com.vn', '161B Lý Chính Thắng, Quận 3, TP.HCM', 'f'),
  ('2', 'Nhà Xuất Bản Kim Đồng', 'kimdong@nxbkimdong.com.vn', '55 Quang Trung, Hai Bà Trưng, Hà Nội', 'f'),
  ('3', 'Nhà Xuất Bản Văn Học', 'info@nxbvanhoc.com.vn', '18 Nguyễn Trường Tộ, Ba Đình, Hà Nội', 'f'),
  ('4', 'Nhà Xuất Bản Tổng Hợp TPHCM', 'info@nxbhcm.com.vn', '62 Nguyễn Thị Minh Khai, Quận 1, TP.HCM', 'f'),
  ('5', 'Nhà Xuất Bản Lao Động', 'nxblaodong@laodong.vn', '175 Giảng Võ, Đống Đa, Hà Nội', 'f'),
  ('6', 'Nhà Xuất Bản Hội Nhà Văn', 'info@nxbhnv.com.vn', '65 Nguyễn Du, Hai Bà Trưng, Hà Nội', 'f'),
  ('7', 'Nhà Xuất Bản Phụ Nữ', 'nxbphunu@phunu.vn', '39 Hàng Chuối, Hai Bà Trưng, Hà Nội', 'f'),
  ('8', 'Nhà Xuất Bản Thế Giới', 'info@thegioipublishers.vn', '46 Trần Hưng Đạo, Hoàn Kiếm, Hà Nội', 'f'),
  ('9', 'Nhà Xuất Bản Dân Trí', 'nxbdantri@dantri.vn', '9 Phạm Ngọc Thạch, Đống Đa, Hà Nội', 'f'),
  ('10', 'Nhà Xuất Bản Thanh Niên', 'info@nxbthanhnien.vn', '64 Bà Triệu, Hoàn Kiếm, Hà Nội', 'f'),
  ('11', 'Nhà Xuất Bản Đại Học Quốc Gia', 'info@vnupress.vn', '16 Hàng Chuối, Hai Bà Trưng, Hà Nội', 'f'),
  ('12', 'Alpha Books', 'contact@alphabooks.vn', '84 Trần Quốc Toản, Quận 3, TP.HCM', 'f'),
  ('18', 'NXB Giáo Dục Việt Nam', 'giaoduc@nxb.vn', 'Hà Nội', 'f'),
  ('19', 'NXB Công Thương', 'congthuong@nxb.vn', 'TP.HCM', 'f'),
  ('20', 'NXB Văn Lang', 'vanlang@nxb.vn', 'TP.HCM', 'f'),
  ('21', 'NXB Tri Thức', 'trithuc@nxb.vn', 'Hà Nội', 'f'),
  ('22', 'NXB Phương Nam', 'phuongnam@nxb.vn', 'TP.HCM', 'f'),
  ('23', 'khanh', NULL, NULL, 'f')
;

-- ============================================================
-- Table: dbo.authors (34 rows)
-- ============================================================
INSERT INTO dbo.authors (authorid, authorname, biography, isdeleted) VALUES
  ('1', 'Nguyễn Nhật Ánh', 'Nhà văn nổi tiếng Việt Nam, tác giả của nhiều tác phẩm văn học thiếu nhi', 'f'),
  ('2', 'Nguyễn Ngọc Tư', 'Nhà văn nữ người Việt Nam, được biết đến với văn phong độc đáo', 'f'),
  ('3', 'Nguyễn Du', 'Đại thi hào Việt Nam, tác giả Truyện Kiều', 'f'),
  ('4', 'Tô Hoài', 'Nhà văn, nhà báo, tác giả Dế Mèn phiêu lưu ký', 'f'),
  ('5', 'Nam Cao', 'Nhà văn hiện thực Việt Nam', 'f'),
  ('6', 'Vũ Trọng Phụng', 'Nhà văn, nhà báo nổi tiếng thời kỳ cận đại', 'f'),
  ('7', 'Dale Carnegie', 'Tác giả nổi tiếng người Mỹ về lĩnh vực phát triển bản thân', 'f'),
  ('8', 'Napoleon Hill', 'Tác giả sách về thành công và triết lý làm giàu', 'f'),
  ('9', 'Paulo Coelho', 'Nhà văn Brazil nổi tiếng thế giới', 'f'),
  ('10', 'Haruki Murakami', 'Nhà văn Nhật Bản đương đại', 'f'),
  ('11', 'J.K. Rowling', 'Tác giả người Anh, nổi tiếng với series Harry Potter', 'f'),
  ('12', 'George Orwell', 'Nhà văn, nhà báo người Anh', 'f'),
  ('13', 'Malcolm Gladwell', 'Nhà văn, nhà báo người Canada', 'f'),
  ('14', 'Simon Sinek', 'Tác giả, diễn giả về lãnh đạo và quản lý', 'f'),
  ('15', 'Robert Kiyosaki', 'Doanh nhân, nhà đầu tư và tác giả người Mỹ', 'f'),
  ('16', 'Fujiko F. Fujio', 'Nhà sáng tạo truyện tranh Doraemon', 'f'),
  ('17', 'Huỳnh Thái Ngọc', 'Một họa sĩ và nhà sáng tạo nội dung người Việt, người đã tạo ra loạt truyện tranh và phim hoạt hình độc đáo này từ năm 2014', 'f'),
  ('18', 'Vô Danh', NULL, 'f'),
  ('19', 'Tạ Huy Long', 'Một nhà văn và nhà báo người Việt Nam, nổi tiếng với các tác phẩm về lịch sử và văn hóa Việt Nam', 'f'),
  ('20', 'Keith Ferrazzi', 'Tác giả và diễn giả nổi tiếng về networking và xây dựng mối quan hệ', 'f'),
  ('21', 'Rosie Nguyễn', 'Tác giả người Việt Nam, nổi tiếng với các tác phẩm về phát triển bản thân và kỹ năng sống', 'f'),
  ('22', 'Dominique Loreau', 'Tác giả người Pháp, nổi tiếng với các tác phẩm về phong cách sống tối giản', 'f'),
  ('23', 'Tony Buổi Sáng', 'Tác giả và doanh nhân người Việt Nam, nổi tiếng với các tác phẩm về kinh doanh và phát triển bản thân', 'f'),
  ('32', 'James Clear', 'Tác giả Atomic Habits', 'f'),
  ('33', 'Yuval Noah Harari', 'Tác giả Sapiens', 'f'),
  ('34', 'Robin Sharma', 'Tác giả Nhà Lãnh Đạo Không Chức Danh', 'f'),
  ('35', 'Dan Brown', 'Tác giả Mật Mã Da Vinci', 'f'),
  ('36', 'Harper Lee', 'Tác giả Giết Con Chim Nhại', 'f'),
  ('37', 'Stephen King', 'Ông hoàng truyện kinh dị', 'f'),
  ('38', 'Agatha Christie', 'Nữ hoàng trinh thám', 'f'),
  ('39', 'Kazuo Ishiguro', 'Tác giả Mãi Đừng Xa Tôi', 'f'),
  ('40', 'Paulo Coelho', 'Tác giả Nhà Giả Kim', 'f'),
  ('41', 'Nguyễn Hiến Lê', 'Học giả nổi tiếng Việt Nam', 'f'),
  ('42', 'khanh', NULL, 'f')
;

-- ============================================================
-- Table: dbo.categories (18 rows)
-- ============================================================
INSERT INTO dbo.categories (categoryid, categoryname, parentid, isdeleted) VALUES
  ('1', 'Văn học', NULL, 'f'),
  ('2', 'Kinh tế', NULL, 'f'),
  ('3', 'Khoa học - Công nghệ', NULL, 'f'),
  ('4', 'Thiếu nhi', NULL, 'f'),
  ('5', 'Tâm lý - Kỹ năng sống', NULL, 'f'),
  ('6', 'Lịch sử', NULL, 'f'),
  ('7', 'Triết học', NULL, 'f'),
  ('8', 'Tiểu thuyết', '1', 'f'),
  ('9', 'Quản trị kinh doanh', '2', 'f'),
  ('10', 'Marketing', '2', 't'),
  ('11', 'Tài chính', '2', 'f'),
  ('13', 'Test category management', NULL, 't'),
  ('14', 'KHANH NHÁ', NULL, 't'),
  ('15', 'khanh', NULL, 't'),
  ('16', 'tesst1', NULL, 't'),
  ('17', 'tesst1', NULL, 't'),
  ('12', 'Công nghệ thông tin 1', '3', 'f'),
  ('18', 'tesst1', NULL, 't')
;

-- ============================================================
-- Table: dbo.users (7 rows)
-- ============================================================
INSERT INTO dbo.users (userid, fullname, email, phone, avatar, dateofbirth, gender, passwordhash, isactive, isdeleted, createdat, provider, backgroundimage, preferredpaymentmethod) VALUES
  ('79', 'Khanh Phạm Gia', 'phamgiakhanh3106@gmail.com', NULL, 'https://lh3.googleusercontent.com/a/ACg8ocIXOvgnaKyL93-GEhfFFr6zDUqrDfKhEnPszPyh7RqZMCfilw=s96-c', NULL, NULL, '$2a$10$5J8YhHMBRMtDbkRAQ86SSe8CWESc7MhgyPUwLROANt1udgMMCpiPG', 't', 'f', '2026-02-08 23:02:25.87+07', 'GOOGLE', NULL, NULL),
  ('81', 'Khanh Test 1', 'khanh06@gmail.com', '0328664814', NULL, NULL, NULL, '$2a$10$dqR8MidmLDkOz.5GPPJtdebVpktRINg2csUo2M/EOzm1/WLAGOL2G', 't', 'f', '2026-02-25 16:54:24.69+07', 'LOCAL', NULL, NULL),
  ('71', 'Nguyễn Đăng Hiến', 'nguyendanghien10a4thd@gmail.com', NULL, NULL, '2006-01-26', 'Nam', '$2a$10$wBwUnt5AIqV2QtbP/W7zlufjJW/CSMU0hwKUb3CYfhJ7K8/9o4QQK', 't', 'f', '2026-01-23 16:59:58.62+07', 'LOCAL', NULL, NULL),
  ('602', 'khanh khanh khanh1', 'khanh111@gmail.com', '0328664814', NULL, NULL, 'Nam', '$2a$10$Mj30tF3gdh4Ypxy1/npGSORxp9sBfdwygbaBYiZsjZEa.N1Of5JIq', 'f', 'f', '2026-04-23 01:04:12.170319+07', 'LOCAL', NULL, NULL),
  ('44', 'Phạm Gia Khanh', 'khanh@gmail.com', '0328664814', 'avatar_44_1771818783577.jpg', '2026-01-16', 'Nam', '$2a$10$MEkImbU8p7KgzwT5PPVuCO64txr5BtyYP94frIZDKh3hyE44RzJWS', 't', 'f', '2026-01-19 15:32:18.153+07', 'LOCAL', 'background_44_1771818793116.jpg', 'cod'),
  ('552', 'Pham Gia Khanh', 'phamgiakhanh03012006@gmail.com', '0328664814', NULL, NULL, NULL, '$2a$10$NPSSv5So0zJJINNAbPGI2eDR8jISaZhhcOGPu4yem7fqGER.eVh2W', 't', 'f', '2026-04-22 15:35:12.062143+07', 'GOOGLE', NULL, 'cod'),
  ('652', 'Super Admin', 'admin@example.com', NULL, NULL, NULL, NULL, '$2a$10$6g6PRX.wHmZB6Ovxqcex7exe35rm.7TP8m1ChnA0bLOW/mIKB2m3S', 't', 'f', NULL, 'LOCAL', NULL, NULL)
;

-- ============================================================
-- Table: dbo.useraddresses (8 rows)
-- ============================================================
INSERT INTO dbo.useraddresses (addressid, userid, receivername, addressline, province, district, ward, addresstype, phone, isdefault, isdeleted, latitude, longitude) VALUES
  ('9', '44', 'Phạm Gia Khanh', '123 Lê Lợi', 'TP Hồ Chí Minh', 'Quận 1', 'Phường Bến Nghé', 'Home', '0909123456', 't', 'f', NULL, NULL),
  ('10', '44', 'Phạm Gia Khanh', '456 Nguyễn Trãi', 'TP Hồ Chí Minh', 'Quận 5', 'Phường 7', 'Other', '0909123456', 'f', 'f', NULL, NULL),
  ('11', '71', 'Nguyễn Đăng Hiển', '78 Trần Hưng Đạo', 'TP Hà Nội', 'Quận Hoàn Kiếm', 'Phường Hàng Bài', 'Home', '0911222333', 't', 'f', NULL, NULL),
  ('12', '71', 'Nguyễn Đăng Hiển', '15 Phạm Văn Đồng', 'TP Hà Nội', 'Quận Cầu Giấy', 'Phường Mai Dịch', 'Official', '0911222333', 'f', 'f', NULL, NULL),
  ('15', '79', 'Khanh Phạm Gia', '301 Lê Duẩn', 'TP Đà Nẵng', 'Quận Hải Châu', 'Phường Tân Chính', 'Home', '0988777666', 't', 'f', NULL, NULL),
  ('16', '79', 'Khanh Phạm Gia', '55 Nguyễn Văn Linh', 'TP Đà Nẵng', 'Quận Thanh Khê', 'Phường Thạc Gián', 'Official', '0988777666', 'f', 'f', NULL, NULL),
  ('19', '81', 'Gia Khanh Pham', '51 Lac Long Quan', 'Đà Nẵng', 'Liên Chiểu', 'Hòa Khánh Bắc', 'Home', '0328664814', 't', 'f', NULL, NULL),
  ('20', '552', 'Gia Khanh Pham', '51 Lac Long Quan', 'Đà Nẵng', 'Liên Chiểu', 'Hòa Khánh Bắc', 'Home', '0328664814', 't', 'f', NULL, NULL)
;

-- ============================================================
-- Table: dbo.userroles (7 rows)
-- ============================================================
INSERT INTO dbo.userroles (userid, roleid) VALUES
  ('44', '1'),
  ('71', '2'),
  ('79', '2'),
  ('81', '2'),
  ('552', '2'),
  ('602', '2'),
  ('652', '4')
;

-- ============================================================
-- Table: dbo.books (67 rows)
-- ============================================================
INSERT INTO dbo.books (bookid, title, slug, isbn, description, price, publisherid, publishyear, language, soldcount, isactive, isdeleted, createdat) VALUES
  ('1', 'Cho Tôi Xin Một Vé Đi Tuổi Thơ', 'cho-toi-xin-mot-ve-di-tuoi-tho', '9786041127272', 'Tác phẩm mang màu sắc hoài niệm về tuổi thơ miền quê', '95000.00', '1', '2018', 'Tiếng Việt', '1257', 't', 'f', '2026-01-08 14:05:47.923+07'),
  ('2', 'Mắt Biếc', 'mat-biec', '9786041127289', 'Câu chuyện tình yêu đẹp và buồn của Ngạn và Hà Lan', '105000.00', '1', '2019', 'Tiếng Việt', '2119', 't', 'f', '2026-01-08 14:05:47.923+07'),
  ('3', 'Tôi Thấy Hoa Vàng Trên Cỏ Xanh', 'toi-thay-hoa-vang-tren-co-xanh', '9786041127296', 'Truyện về tuổi thơ của hai anh em Thiều và Tường', '115000.00', '1', '2020', 'Tiếng Việt', '1902', 't', 'f', '2026-01-08 14:05:47.923+07'),
  ('4', 'Truyện Kiều', 'truyen-kieu', '9786041001234', 'Tác phẩm kinh điển của văn học Việt Nam', '85000.00', '3', '2017', 'Tiếng Việt', '985', 't', 'f', '2026-01-08 14:05:47.923+07'),
  ('5', 'Dế Mèn Phiêu Lưu Ký', 'de-men-phieu-luu-ky', '9786041001241', 'Câu chuyện phiêu lưu của chú dế mèn', '75000.00', '2', '2018', 'Tiếng Việt', '1560', 't', 'f', '2026-01-08 14:05:47.923+07'),
  ('6', 'Số Đỏ', 'so-do', '9786041001258', 'Tác phẩm hiện thực phê phán của Vũ Trọng Phụng', '95000.00', '3', '2019', 'Tiếng Việt', '720', 't', 'f', '2026-01-08 14:05:47.923+07'),
  ('7', 'Chí Phèo', 'chi-pheo', '9786041001265', 'Truyện ngắn nổi tiếng của Nam Cao', '65000.00', '3', '2018', 'Tiếng Việt', '890', 't', 'f', '2026-01-08 14:05:47.923+07'),
  ('8', 'Lão Hạc', 'lao-hac', '9786041001272', 'Tác phẩm cảm động về tình người', '70000.00', '3', '2017', 'Tiếng Việt', '1050', 't', 'f', '2026-01-08 14:05:47.923+07'),
  ('9', 'Tắt Đèn', 'tat-den', '9786041001289', 'Tiểu thuyết hiện thực của Ngô Tất Tố', '85000.00', '3', '2019', 'Tiếng Việt', '670', 't', 'f', '2026-01-08 14:05:47.923+07'),
  ('10', 'Hai Đứa Trẻ', 'hai-dua-tre', '9786041001296', 'Truyện ngắn nổi tiếng của Thạch Lam', '60000.00', '3', '2020', 'Tiếng Việt', '540', 't', 'f', '2026-01-08 14:05:47.923+07'),
  ('11', 'Đắc Nhân Tâm', 'dac-nhan-tam', '9786041002001', 'Nghệ thuật thu phục lòng người', '125000.00', '1', '2020', 'Tiếng Việt', '3511', 't', 'f', '2026-01-08 14:08:48.35+07'),
  ('12', 'Nghĩ Giàu Và Làm Giàu', 'nghi-giau-va-lam-giau', '9786041002018', '13 nguyên tắc nghĩ giàu làm giàu', '135000.00', '5', '2019', 'Tiếng Việt', '2890', 't', 'f', '2026-01-08 14:08:48.35+07'),
  ('13', 'Cha Giàu Cha Nghèo', 'cha-giau-cha-ngheo', '9786041002025', 'Bài học về đầu tư và tài chính', '145000.00', '5', '2021', 'Tiếng Việt', '3122', 't', 'f', '2026-01-08 14:08:48.35+07'),
  ('14', 'Khởi Nghiệp Tinh Gọn', 'khoi-nghiep-tinh-gon', '9786041002032', 'Phương pháp khởi nghiệp hiệu quả', '155000.00', '12', '2020', 'Tiếng Việt', '1670', 't', 'f', '2026-01-08 14:08:48.35+07'),
  ('15', 'Tư Duy Nhanh Và Chậm', 'tu-duy-nhanh-va-cham', '9786041002049', 'Nghiên cứu về cách con người ra quyết định', '165000.00', '4', '2021', 'Tiếng Việt', '1890', 't', 'f', '2026-01-08 14:08:48.35+07'),
  ('16', 'Lập Trình Java Cơ Bản', 'lap-trinh-java-co-ban', '9786041003001', 'Giáo trình học lập trình Java từ đầu', '195000.00', '11', '2021', 'Tiếng Việt', '1120', 't', 'f', '2026-01-08 14:08:55.517+07'),
  ('17', 'Python Cho Người Mới Bắt Đầu', 'python-cho-nguoi-moi-bat-dau', '9786041003018', 'Học Python dễ dàng và hiệu quả', '165000.00', '11', '2020', 'Tiếng Việt', '1450', 't', 'f', '2026-01-08 14:08:55.517+07'),
  ('18', 'Trí Tuệ Nhân Tạo Căn Bản', 'tri-tue-nhan-tao-can-ban', '9786041003025', 'Giới thiệu về AI và Machine Learning', '225000.00', '11', '2021', 'Tiếng Việt', '890', 't', 'f', '2026-01-08 14:08:55.517+07'),
  ('19', 'Big Data Và Phân Tích Dữ Liệu', 'big-data-va-phan-tich-du-lieu', '9786041003032', 'Kỹ thuật xử lý dữ liệu lớn', '245000.00', '11', '2020', 'Tiếng Việt', '670', 't', 'f', '2026-01-08 14:08:55.517+07'),
  ('20', 'Blockchain Và Ứng Dụng', 'blockchain-va-ung-dung', '9786041003049', 'Công nghệ blockchain và cryptocurrency', '215000.00', '11', '2021', 'Tiếng Việt', '560', 't', 'f', '2026-01-08 14:08:55.517+07'),
  ('22', 'Doraemon', 'doraemon-chu-meo-may', '9786041004018', 'Truyện tranh Doraemon tập 1', '25000.00', '2', '2021', 'Tiếng Việt', '4574', 't', 'f', '2026-01-08 14:09:01.967+07'),
  ('23', 'Thỏ Bảy Màu', 'tho-bay-mau', '9786041004025', 'Truyện tranh cho trẻ em', '30000.00', '2', '2020', 'Tiếng Việt', '3478', 't', 'f', '2026-01-08 14:09:01.967+07'),
  ('24', 'Cổ Tích Việt Nam', 'co-tich-viet-nam', '9786041004032', 'Tuyển tập cổ tích dân gian', '95000.00', '2', '2019', 'Tiếng Việt', '1890', 't', 'f', '2026-01-08 14:09:01.967+07'),
  ('25', 'Truyện Tranh Lịch Sử Việt Nam', 'truyen-tranh-lich-su-viet-nam', '9786041004049', 'Lịch sử qua tranh', '125000.00', '2', '2021', 'Tiếng Việt', '1560', 't', 'f', '2026-01-08 14:09:01.967+07'),
  ('26', 'Đừng Bao Giờ Đi Ăn Một Mình', 'dung-bao-gio-di-an-mot-minh', '9786041005001', 'Nghệ thuật networking', '135000.00', '1', '2020', 'Tiếng Việt', '1890', 't', 'f', '2026-01-08 14:09:10.26+07'),
  ('27', 'Tuổi Trẻ Đáng Giá Bao Nhiêu', 'tuoi-tre-dang-gia-bao-nhieu', '9786041005018', 'Tự truyện và bài học cuộc sống', '95000.00', '1', '2019', 'Tiếng Việt', '2561', 't', 'f', '2026-01-08 14:09:10.26+07'),
  ('28', 'Nghệ Thuật Sống Tối Giản', 'nghe-thuat-song-toi-gian', '9786041005025', 'Sống đơn giản để hạnh phúc hơn', '115000.00', '1', '2021', 'Tiếng Việt', '1450', 't', 'f', '2026-01-08 14:09:10.26+07'),
  ('29', 'Quẳng Gánh Lo Đi Và Vui Sống', 'quang-ganh-lo-di-va-vui-song', '9786041005032', 'Vượt qua lo âu trong cuộc sống', '105000.00', '1', '2020', 'Tiếng Việt', '2120', 't', 'f', '2026-01-08 14:09:10.26+07'),
  ('30', 'Cà Phê Cùng Tony', 'ca-phe-cung-tony', '9786041005049', 'Bài học kinh doanh và cuộc sống', '85000.00', '1', '2019', 'Tiếng Việt', '1676', 't', 'f', '2026-01-08 14:09:10.26+07'),
  ('32', 'Atomic Habits', 'atomic-habits', '9780735211292', 'Thói quen nhỏ tạo nên thành công lớn', '180000.00', '12', '2021', 'Tiếng Việt', '1200', 't', 'f', '2026-01-30 21:50:48.767+07'),
  ('33', 'Sapiens: Lược Sử Loài Người', 'sapiens-luoc-su-loai-nguoi', '9780062316097', 'Hành trình tiến hóa của loài người', '220000.00', '18', '2020', 'Tiếng Việt', '980', 't', 'f', '2026-01-30 21:50:48.767+07'),
  ('34', 'Mật Mã Da Vinci', 'mat-ma-da-vinci', '9780307474278', 'Tiểu thuyết trinh thám nổi tiếng', '250000.00', '22', '2018', 'Tiếng Việt', '1500', 't', 'f', '2026-01-30 21:50:48.767+07'),
  ('35', 'Giết Con Chim Nhại', 'giet-con-chim-nhai', '9780061120084', 'Tác phẩm kinh điển về công lý', '190000.00', '19', '2020', 'Tiếng Việt', '740', 't', 'f', '2026-01-30 21:50:48.767+07'),
  ('36', 'Sách Kỹ Năng Giao Tiếp 101', 'sach-ky-nang-giao-tiep-101', '9786042100101', 'Hướng dẫn giao tiếp hiệu quả', '95000.00', '20', '2022', 'Tiếng Việt', '430', 't', 'f', '2026-01-30 21:50:48.767+07'),
  ('37', 'Hành Trình Khởi Nghiệp Trẻ', 'hanh-trinh-khoi-nghiep-tre', '9786042100102', 'Bài học startup cho sinh viên', '120000.00', '21', '2021', 'Tiếng Việt', '390', 't', 'f', '2026-01-30 21:50:48.767+07'),
  ('38', 'Tư Duy Tích Cực Mỗi Ngày', 'tu-duy-tich-cuc-moi-ngay', '9786042100103', 'Giúp bạn sống lạc quan hơn', '88000.00', '19', '2020', 'Tiếng Việt', '510', 't', 'f', '2026-01-30 21:50:48.767+07'),
  ('39', 'Trí Tuệ Cảm Xúc', 'tri-tue-cam-xuc', '9786042100104', 'Khám phá EQ và ứng dụng', '145000.00', '22', '2019', 'Tiếng Việt', '610', 't', 'f', '2026-01-30 21:50:48.767+07'),
  ('40', 'Nhà Giả Kim', 'nha-gia-kim', '9780061122415', 'Hành trình tìm kiếm vận mệnh', '130000.00', '21', '2017', 'Tiếng Việt', '2100', 't', 'f', '2026-01-30 21:50:48.767+07'),
  ('41', 'Sách Lập Trình Web Cơ Bản', 'lap-trinh-web-co-ban', '9786042100105', 'HTML CSS JS cho người mới', '200000.00', '19', '2023', 'Tiếng Việt', '720', 't', 'f', '2026-01-30 21:50:48.767+07'),
  ('42', 'Bí Quyết Thành Công', 'bi-quyet-thanh-cong', '9786041006001', 'Sách truyền cảm hứng phát triển bản thân', '120000.00', '1', '2020', 'Tiếng Việt', '500', 't', 'f', '2026-01-30 23:05:37.377+07'),
  ('43', 'Hành Trình Tuổi Trẻ', 'hanh-trinh-tuoi-tre', '9786041006002', 'Câu chuyện về tuổi trẻ và khát vọng', '95000.00', '3', '2019', 'Tiếng Việt', '300', 't', 'f', '2026-01-30 23:05:37.377+07'),
  ('44', 'Kỹ Năng Sống Tích Cực', 'ky-nang-song-tich-cuc', '9786041006003', 'Giúp bạn sống vui vẻ và ý nghĩa hơn', '110000.00', '5', '2021', 'Tiếng Việt', '450', 't', 'f', '2026-01-30 23:05:37.377+07'),
  ('45', 'Tư Duy Lãnh Đạo', 'tu-duy-lanh-dao', '9786041006004', 'Bí quyết trở thành nhà lãnh đạo giỏi', '150000.00', '12', '2020', 'Tiếng Việt', '600', 't', 'f', '2026-01-30 23:05:37.377+07'),
  ('46', 'Khám Phá Vũ Trụ', 'kham-pha-vu-tru', '9786041006005', 'Những kiến thức khoa học thú vị về vũ trụ', '180000.00', '11', '2022', 'Tiếng Việt', '250', 't', 'f', '2026-01-30 23:05:37.377+07'),
  ('47', 'Lập Trình C++ Cơ Bản', 'lap-trinh-cpp-co-ban', '9786041006006', 'Học lập trình C++ từ con số 0', '210000.00', '11', '2021', 'Tiếng Việt', '400', 't', 'f', '2026-01-30 23:05:37.377+07'),
  ('48', 'Học SQL Server Trong 7 Ngày', 'hoc-sql-server-7-ngay', '9786041006007', 'Tài liệu SQL thực hành cho sinh viên', '190000.00', '11', '2023', 'Tiếng Việt', '350', 't', 'f', '2026-01-30 23:05:37.377+07'),
  ('49', 'Bí Mật Tâm Lý Học', 'bi-mat-tam-ly-hoc', '9786041006008', 'Khám phá hành vi và cảm xúc con người', '160000.00', '4', '2020', 'Tiếng Việt', '700', 't', 'f', '2026-01-30 23:05:37.377+07'),
  ('50', 'Thói Quen Hiệu Quả', 'thoi-quen-hieu-qua', '9786041006009', 'Xây dựng thói quen để thành công', '135000.00', '1', '2021', 'Tiếng Việt', '800', 't', 'f', '2026-01-30 23:05:37.377+07'),
  ('51', 'Kinh Doanh Online', 'kinh-doanh-online', '9786041006010', 'Hướng dẫn bán hàng và marketing online', '175000.00', '12', '2022', 'Tiếng Việt', '500', 't', 'f', '2026-01-30 23:05:37.377+07'),
  ('52', 'Tiểu Thuyết Mùa Đông', 'tieu-thuyet-mua-dong', '9786041006011', 'Một câu chuyện tình buồn mùa đông', '99000.00', '6', '2018', 'Tiếng Việt', '200', 't', 'f', '2026-01-30 23:05:37.377+07'),
  ('53', 'Người Đua Diều', 'nguoi-dua-dieu', '9786041006012', 'Tác phẩm văn học nổi tiếng thế giới', '145000.00', '8', '2019', 'Tiếng Việt', '650', 't', 'f', '2026-01-30 23:05:37.377+07'),
  ('54', 'Chuyện Kể Rừng Xanh', 'chuyen-ke-rung-xanh', '9786041006013', 'Truyện thiếu nhi phiêu lưu kỳ thú', '75000.00', '2', '2017', 'Tiếng Việt', '900', 't', 'f', '2026-01-30 23:05:37.377+07'),
  ('55', 'Truyện Cổ Grimm', 'truyen-co-grimm', '9786041006014', 'Tuyển tập truyện cổ tích nổi tiếng', '85000.00', '2', '2016', 'Tiếng Việt', '500', 't', 'f', '2026-01-30 23:05:37.377+07'),
  ('56', 'Lịch Sử Thế Giới', 'lich-su-the-gioi', '9786041006015', 'Tổng quan lịch sử nhân loại', '220000.00', '9', '2020', 'Tiếng Việt', '300', 't', 'f', '2026-01-30 23:05:37.377+07'),
  ('57', 'Triết Học Cơ Bản', 'triet-hoc-co-ban', '9786041006016', 'Nhập môn triết học cho người mới', '195000.00', '10', '2019', 'Tiếng Việt', '250', 't', 'f', '2026-01-30 23:05:37.377+07'),
  ('58', 'Bí Quyết Quản Lý Thời Gian', 'bi-quyet-quan-ly-thoi-gian', '9786041006017', 'Sắp xếp thời gian hiệu quả', '125000.00', '1', '2021', 'Tiếng Việt', '450', 't', 'f', '2026-01-30 23:05:37.377+07'),
  ('59', 'Tài Chính Cá Nhân', 'tai-chinh-ca-nhan', '9786041006018', 'Hướng dẫn quản lý tiền bạc thông minh', '155000.00', '5', '2022', 'Tiếng Việt', '500', 't', 'f', '2026-01-30 23:05:37.377+07'),
  ('60', 'Đầu Tư Chứng Khoán', 'dau-tu-chung-khoan', '9786041006019', 'Kiến thức nền tảng về đầu tư', '250000.00', '5', '2023', 'Tiếng Việt', '400', 't', 'f', '2026-01-30 23:05:37.377+07'),
  ('61', 'Khởi Nghiệp Thực Chiến', 'khoi-nghiep-thuc-chien', '9786041006020', 'Bài học startup từ thực tế', '175000.00', '12', '2022', 'Tiếng Việt', '550', 't', 'f', '2026-01-30 23:05:37.377+07'),
  ('62', 'Sống Chậm Lại', 'song-cham-lai', '9786041006021', 'Sách giúp bạn cân bằng cuộc sống hiện đại', '99000.00', '1', '2021', 'Tiếng Việt', '400', 't', 'f', '2026-01-30 23:15:40.327+07'),
  ('63', 'Kỹ Năng Thuyết Trình', 'ky-nang-thuyet-trinh', '9786041006022', 'Học cách nói chuyện tự tin trước đám đông', '145000.00', '5', '2022', 'Tiếng Việt', '550', 't', 'f', '2026-01-30 23:15:40.327+07'),
  ('64', 'Nhà Đầu Tư Thông Minh', 'nha-dau-tu-thong-minh', '9786041006023', 'Kiến thức đầu tư tài chính dài hạn', '265000.00', '5', '2023', 'Tiếng Việt', '700', 't', 'f', '2026-01-30 23:15:40.327+07'),
  ('65', 'Hành Trình Khám Phá AI', 'hanh-trinh-kham-pha-ai', '9786041006024', 'Giới thiệu trí tuệ nhân tạo cho người mới', '240000.00', '11', '2022', 'Tiếng Việt', '300', 't', 'f', '2026-01-30 23:15:40.327+07'),
  ('66', 'Blockchain Thực Hành', 'blockchain-thuc-hanh', '9786041006025', 'Ứng dụng blockchain trong đời sống', '225000.00', '11', '2023', 'Tiếng Việt', '250', 't', 'f', '2026-01-30 23:15:40.327+07'),
  ('67', 'Giải Mã Tâm Trí', 'giai-ma-tam-tri', '9786041006026', 'Tâm lý học ứng dụng cho cuộc sống', '175000.00', '4', '2020', 'Tiếng Việt', '650', 't', 'f', '2026-01-30 23:15:40.327+07'),
  ('68', 'Đọc Vị Người Khác', 'doc-vi-nguoi-khac', '9786041006027', 'Bí quyết hiểu cảm xúc và hành vi', '160000.00', '4', '2021', 'Tiếng Việt', '500', 't', 'f', '2026-01-30 23:15:40.327+07'),
  ('69', 'Tư Duy Phản Biện', 'tu-duy-phan-bien', '9786041006028', 'Phát triển khả năng suy nghĩ logic', '155000.00', '1', '2022', 'Tiếng Việt', '420', 't', 'f', '2026-01-30 23:15:40.327+07')
;

-- ============================================================
-- Table: dbo.bookauthors (155 rows)
-- ============================================================
INSERT INTO dbo.bookauthors (bookid, authorid) VALUES
  ('1', '1'),
  ('2', '1'),
  ('3', '1'),
  ('161', '1'),
  ('162', '2'),
  ('4', '3'),
  ('163', '3'),
  ('5', '4'),
  ('164', '4'),
  ('7', '5'),
  ('8', '5'),
  ('9', '5'),
  ('10', '5'),
  ('165', '5'),
  ('6', '6'),
  ('166', '6'),
  ('11', '7'),
  ('16', '7'),
  ('29', '7'),
  ('42', '7'),
  ('121', '7'),
  ('167', '7'),
  ('241', '7'),
  ('242', '7'),
  ('12', '8'),
  ('122', '8'),
  ('168', '8'),
  ('40', '9'),
  ('52', '9'),
  ('71', '9'),
  ('131', '9'),
  ('169', '9'),
  ('132', '10'),
  ('170', '10'),
  ('41', '11'),
  ('47', '11'),
  ('66', '11'),
  ('76', '11'),
  ('77', '11'),
  ('134', '11'),
  ('35', '12'),
  ('53', '12'),
  ('78', '12'),
  ('79', '12'),
  ('133', '12'),
  ('14', '13'),
  ('15', '13'),
  ('49', '13'),
  ('68', '13'),
  ('123', '13'),
  ('17', '14'),
  ('20', '14'),
  ('37', '14'),
  ('45', '14'),
  ('51', '14'),
  ('61', '14'),
  ('63', '14'),
  ('80', '14'),
  ('124', '14'),
  ('142', '14'),
  ('13', '15'),
  ('18', '15'),
  ('19', '15'),
  ('39', '15'),
  ('48', '15'),
  ('59', '15'),
  ('60', '15'),
  ('64', '15'),
  ('141', '15'),
  ('22', '16'),
  ('54', '16'),
  ('73', '16'),
  ('136', '16'),
  ('23', '17'),
  ('72', '17'),
  ('93', '17'),
  ('137', '17'),
  ('24', '18'),
  ('55', '18'),
  ('70', '18'),
  ('95', '18'),
  ('138', '18'),
  ('152', '18'),
  ('25', '19'),
  ('74', '19'),
  ('94', '19'),
  ('151', '19'),
  ('26', '20'),
  ('75', '20'),
  ('143', '20'),
  ('27', '21'),
  ('36', '21'),
  ('43', '21'),
  ('58', '21'),
  ('62', '21'),
  ('81', '21'),
  ('91', '21'),
  ('125', '21'),
  ('144', '21'),
  ('28', '22'),
  ('38', '22'),
  ('44', '22'),
  ('67', '22'),
  ('92', '22'),
  ('145', '22'),
  ('30', '23'),
  ('153', '23'),
  ('32', '32'),
  ('50', '32'),
  ('69', '32'),
  ('90', '32'),
  ('139', '32'),
  ('154', '32'),
  ('33', '33'),
  ('46', '33'),
  ('56', '33'),
  ('65', '33'),
  ('89', '33'),
  ('140', '33'),
  ('155', '33'),
  ('34', '34'),
  ('57', '34'),
  ('88', '34'),
  ('130', '34'),
  ('156', '34'),
  ('87', '35'),
  ('101', '35'),
  ('135', '35'),
  ('157', '35'),
  ('86', '36'),
  ('100', '36'),
  ('146', '36'),
  ('158', '36'),
  ('85', '37'),
  ('99', '37'),
  ('147', '37'),
  ('159', '37'),
  ('84', '38'),
  ('98', '38'),
  ('148', '38'),
  ('160', '38'),
  ('83', '39'),
  ('97', '39'),
  ('126', '39'),
  ('149', '39'),
  ('82', '40'),
  ('96', '40'),
  ('127', '40'),
  ('150', '40'),
  ('128', '41'),
  ('129', '33'),
  ('243', '35'),
  ('244', '42'),
  ('245', '7'),
  ('246', '38')
;

-- ============================================================
-- Table: dbo.bookcategories (156 rows)
-- ============================================================
INSERT INTO dbo.bookcategories (bookid, categoryid) VALUES
  ('1', '1'),
  ('2', '1'),
  ('3', '1'),
  ('4', '1'),
  ('6', '1'),
  ('7', '1'),
  ('8', '1'),
  ('9', '1'),
  ('10', '1'),
  ('27', '1'),
  ('35', '1'),
  ('43', '1'),
  ('53', '1'),
  ('70', '1'),
  ('78', '1'),
  ('79', '1'),
  ('131', '1'),
  ('134', '1'),
  ('161', '1'),
  ('162', '1'),
  ('165', '1'),
  ('51', '2'),
  ('83', '2'),
  ('84', '2'),
  ('100', '2'),
  ('101', '2'),
  ('141', '2'),
  ('144', '2'),
  ('46', '3'),
  ('65', '3'),
  ('66', '3'),
  ('85', '3'),
  ('86', '3'),
  ('87', '3'),
  ('88', '3'),
  ('89', '3'),
  ('90', '3'),
  ('146', '3'),
  ('147', '3'),
  ('148', '3'),
  ('149', '3'),
  ('150', '3'),
  ('241', '3'),
  ('5', '4'),
  ('22', '4'),
  ('23', '4'),
  ('24', '4'),
  ('25', '4'),
  ('54', '4'),
  ('55', '4'),
  ('72', '4'),
  ('73', '4'),
  ('93', '4'),
  ('136', '4'),
  ('137', '4'),
  ('138', '4'),
  ('139', '4'),
  ('140', '4'),
  ('11', '5'),
  ('15', '5'),
  ('26', '5'),
  ('28', '5'),
  ('29', '5'),
  ('30', '5'),
  ('32', '5'),
  ('36', '5'),
  ('38', '5'),
  ('39', '5'),
  ('42', '5'),
  ('44', '5'),
  ('49', '5'),
  ('50', '5'),
  ('58', '5'),
  ('62', '5'),
  ('63', '5'),
  ('67', '5'),
  ('68', '5'),
  ('69', '5'),
  ('91', '5'),
  ('92', '5'),
  ('96', '5'),
  ('97', '5'),
  ('98', '5'),
  ('99', '5'),
  ('121', '5'),
  ('122', '5'),
  ('123', '5'),
  ('124', '5'),
  ('125', '5'),
  ('166', '5'),
  ('167', '5'),
  ('168', '5'),
  ('169', '5'),
  ('170', '5'),
  ('33', '6'),
  ('56', '6'),
  ('74', '6'),
  ('94', '6'),
  ('151', '6'),
  ('152', '6'),
  ('153', '6'),
  ('154', '6'),
  ('155', '6'),
  ('57', '7'),
  ('75', '7'),
  ('95', '7'),
  ('156', '7'),
  ('157', '7'),
  ('158', '7'),
  ('159', '7'),
  ('160', '7'),
  ('34', '8'),
  ('40', '8'),
  ('52', '8'),
  ('71', '8'),
  ('76', '8'),
  ('77', '8'),
  ('132', '8'),
  ('133', '8'),
  ('135', '8'),
  ('163', '8'),
  ('164', '8'),
  ('37', '9'),
  ('45', '9'),
  ('61', '9'),
  ('80', '9'),
  ('81', '9'),
  ('142', '9'),
  ('143', '9'),
  ('145', '9'),
  ('82', '10'),
  ('242', '10'),
  ('12', '11'),
  ('13', '11'),
  ('14', '11'),
  ('59', '11'),
  ('60', '11'),
  ('64', '11'),
  ('16', '12'),
  ('17', '12'),
  ('18', '12'),
  ('19', '12'),
  ('20', '12'),
  ('41', '12'),
  ('47', '12'),
  ('48', '12'),
  ('126', '12'),
  ('127', '12'),
  ('128', '12'),
  ('130', '12'),
  ('129', '12'),
  ('243', '12'),
  ('243', '14'),
  ('244', '15'),
  ('245', '12'),
  ('246', '12')
;

-- ============================================================
-- Table: dbo.bookimages (151 rows)
-- ============================================================
INSERT INTO dbo.bookimages (imageid, bookid, imageurl, ismain) VALUES
  ('1', '1', 'cho_toi_mot_ve_ve_tuoi_tho.jpg', 't'),
  ('2', '2', 'mat_biec.jpg', 't'),
  ('3', '3', 'toi_thay_hoa_vang_tren_co xanh.jpg', 't'),
  ('4', '4', 'truyen_kieu.jpg', 't'),
  ('5', '5', 'de_men_phieu_luu_ky.jpg', 't'),
  ('6', '6', 'so_do.jpg', 't'),
  ('7', '7', 'chi_pheo.jpg', 't'),
  ('8', '8', 'lao_hac.jpg', 't'),
  ('9', '9', 'tat_den.jpg', 't'),
  ('10', '10', 'hai_dua_tre.jpg', 't'),
  ('11', '11', 'dac_nhan_tam.jpg', 't'),
  ('12', '12', 'nghi_giau_lam_giau.jpg', 't'),
  ('13', '13', 'cha_giau_cha_ngheo.jpg', 't'),
  ('14', '14', 'khoi_nghiep_tinh_gon.jpg', 't'),
  ('15', '15', 'tu_duy_nhanh_va_cham.jpg', 't'),
  ('16', '16', 'lap_trinh_java_co_ban.jpg', 't'),
  ('17', '17', 'python_cho_nguoi_moi_bat_dau.jpg', 't'),
  ('18', '18', 'tri_tue_nhan_tao_can_ban.jpg', 't'),
  ('19', '19', 'big_data_va_phan_tich_du_lieu.jpg', 't'),
  ('20', '20', 'blockchain_va_ung_dung.jpg', 't'),
  ('21', '22', 'doraemon_chu_meo_may.jpg', 't'),
  ('22', '23', 'tho_bay_mau.jpg', 't'),
  ('23', '24', 'co_tich_viet_nam.jpg', 't'),
  ('24', '25', 'truyen_tranh_lich_su_viet_nam.jpg', 't'),
  ('25', '26', 'dung_bao_gio_di_an_mot_minh.jpg', 't'),
  ('26', '27', 'tuoi_tre_dang_gia_bao_nhieu.jpg', 't'),
  ('27', '28', 'nghe_thuat_song_toi_gian.jpg', 't'),
  ('28', '29', 'quang_ganh_lo_di_va_vui_song.jpg', 't'),
  ('29', '30', 'ca_phe_cung_tony.jpg', 't'),
  ('30', '32', NULL, 't'),
  ('31', '33', NULL, 't'),
  ('32', '34', NULL, 't'),
  ('33', '35', NULL, 't'),
  ('34', '36', NULL, 't'),
  ('35', '37', NULL, 't'),
  ('36', '38', NULL, 't'),
  ('37', '39', NULL, 't'),
  ('38', '40', NULL, 't'),
  ('39', '41', NULL, 't'),
  ('40', '42', NULL, 't'),
  ('41', '43', NULL, 't'),
  ('42', '44', NULL, 't'),
  ('43', '45', NULL, 't'),
  ('44', '46', NULL, 't'),
  ('45', '47', NULL, 't'),
  ('46', '48', NULL, 't'),
  ('47', '49', NULL, 't'),
  ('48', '50', NULL, 't'),
  ('49', '51', NULL, 't'),
  ('50', '52', NULL, 't'),
  ('51', '53', NULL, 't'),
  ('52', '54', NULL, 't'),
  ('53', '55', NULL, 't'),
  ('54', '56', NULL, 't'),
  ('55', '57', NULL, 't'),
  ('56', '58', NULL, 't'),
  ('57', '59', NULL, 't'),
  ('58', '60', NULL, 't'),
  ('59', '61', NULL, 't'),
  ('60', '62', NULL, 't'),
  ('61', '63', NULL, 't'),
  ('62', '64', NULL, 't'),
  ('63', '65', NULL, 't'),
  ('64', '66', NULL, 't'),
  ('65', '67', NULL, 't'),
  ('66', '68', NULL, 't'),
  ('67', '69', NULL, 't'),
  ('68', '70', NULL, 't'),
  ('69', '71', NULL, 't'),
  ('70', '72', NULL, 't'),
  ('71', '73', NULL, 't'),
  ('72', '74', NULL, 't'),
  ('73', '75', NULL, 't'),
  ('74', '76', NULL, 't'),
  ('75', '77', NULL, 't'),
  ('76', '78', NULL, 't'),
  ('77', '79', NULL, 't'),
  ('78', '80', NULL, 't'),
  ('79', '81', NULL, 't'),
  ('80', '82', NULL, 't'),
  ('81', '83', NULL, 't'),
  ('82', '84', NULL, 't'),
  ('83', '85', NULL, 't'),
  ('84', '86', NULL, 't'),
  ('85', '87', NULL, 't'),
  ('86', '88', NULL, 't'),
  ('87', '89', NULL, 't'),
  ('88', '90', NULL, 't'),
  ('89', '91', NULL, 't'),
  ('90', '92', NULL, 't'),
  ('91', '93', NULL, 't'),
  ('92', '94', NULL, 't'),
  ('93', '95', NULL, 't'),
  ('94', '96', NULL, 't'),
  ('95', '97', NULL, 't'),
  ('96', '98', NULL, 't'),
  ('97', '99', NULL, 't'),
  ('98', '100', NULL, 't'),
  ('99', '101', NULL, 't'),
  ('102', '121', NULL, 't'),
  ('103', '122', NULL, 't'),
  ('104', '123', NULL, 't'),
  ('105', '124', NULL, 't'),
  ('106', '125', NULL, 't'),
  ('107', '126', NULL, 't'),
  ('108', '127', NULL, 't'),
  ('109', '128', NULL, 't'),
  ('110', '129', NULL, 't'),
  ('111', '130', NULL, 't'),
  ('112', '131', NULL, 't'),
  ('113', '132', NULL, 't'),
  ('114', '133', NULL, 't'),
  ('115', '134', NULL, 't'),
  ('116', '135', NULL, 't'),
  ('117', '136', NULL, 't'),
  ('118', '137', NULL, 't'),
  ('119', '138', NULL, 't'),
  ('120', '139', NULL, 't'),
  ('121', '140', NULL, 't'),
  ('122', '141', NULL, 't'),
  ('123', '142', NULL, 't'),
  ('124', '143', NULL, 't'),
  ('125', '144', NULL, 't'),
  ('126', '145', NULL, 't'),
  ('127', '146', NULL, 't'),
  ('128', '147', NULL, 't'),
  ('129', '148', NULL, 't'),
  ('130', '149', NULL, 't'),
  ('131', '150', NULL, 't'),
  ('132', '151', NULL, 't'),
  ('133', '152', NULL, 't'),
  ('134', '153', NULL, 't'),
  ('135', '154', NULL, 't'),
  ('136', '155', NULL, 't'),
  ('137', '156', NULL, 't'),
  ('138', '157', NULL, 't'),
  ('139', '158', NULL, 't'),
  ('140', '159', NULL, 't'),
  ('141', '160', NULL, 't'),
  ('142', '161', NULL, 't'),
  ('143', '162', NULL, 't'),
  ('144', '163', NULL, 't'),
  ('145', '164', NULL, 't'),
  ('146', '165', NULL, 't'),
  ('147', '166', NULL, 't'),
  ('148', '167', NULL, 't'),
  ('149', '168', NULL, 't'),
  ('152', '241', 'book_1771943843866.jpg', 't'),
  ('154', '242', 'book_1771944973143.jpg', 't'),
  ('156', '170', 'book_1772160908681.jpg', 't'),
  ('157', '169', 'book_1772206927147.jpg', 't')
;

-- ============================================================
-- Table: dbo.inventories (155 rows)
-- ============================================================
INSERT INTO dbo.inventories (bookid, quantity, reserved) VALUES
  ('1', '67', '5'),
  ('2', '193', '11'),
  ('3', '105', '9'),
  ('4', '74', '3'),
  ('5', '75', '0'),
  ('6', '78', '0'),
  ('7', '167', '0'),
  ('8', '153', '0'),
  ('9', '78', '0'),
  ('10', '185', '0'),
  ('11', '55', '7'),
  ('12', '102', '0'),
  ('13', '50', '0'),
  ('14', '178', '0'),
  ('15', '135', '0'),
  ('16', '84', '0'),
  ('17', '196', '0'),
  ('18', '63', '0'),
  ('19', '40', '0'),
  ('20', '107', '0'),
  ('22', '172', '0'),
  ('23', '210', '25'),
  ('24', '47', '0'),
  ('25', '56', '0'),
  ('26', '194', '0'),
  ('27', '137', '1'),
  ('28', '189', '0'),
  ('29', '175', '0'),
  ('30', '50', '4'),
  ('32', '66', '0'),
  ('33', '171', '0'),
  ('34', '184', '0'),
  ('35', '121', '0'),
  ('36', '157', '0'),
  ('37', '121', '0'),
  ('38', '20', '0'),
  ('39', '34', '0'),
  ('40', '97', '0'),
  ('41', '42', '0'),
  ('42', '103', '0'),
  ('43', '88', '0'),
  ('44', '92', '0'),
  ('45', '203', '0'),
  ('46', '128', '0'),
  ('47', '25', '0'),
  ('48', '156', '0'),
  ('49', '208', '0'),
  ('50', '156', '0'),
  ('51', '78', '0'),
  ('52', '57', '0'),
  ('53', '179', '0'),
  ('54', '146', '0'),
  ('55', '141', '0'),
  ('56', '200', '0'),
  ('57', '59', '0'),
  ('58', '184', '0'),
  ('59', '33', '0'),
  ('60', '164', '0'),
  ('61', '160', '0'),
  ('62', '73', '0'),
  ('63', '204', '0'),
  ('64', '30', '0'),
  ('65', '85', '0'),
  ('66', '193', '0'),
  ('67', '94', '0'),
  ('68', '42', '0'),
  ('69', '58', '0'),
  ('70', '64', '0'),
  ('71', '212', '0'),
  ('72', '186', '0'),
  ('73', '208', '0'),
  ('74', '118', '0'),
  ('75', '131', '0'),
  ('76', '172', '0'),
  ('77', '118', '0'),
  ('78', '164', '0'),
  ('79', '100', '0'),
  ('80', '32', '0'),
  ('81', '176', '0'),
  ('82', '43', '0'),
  ('83', '51', '0'),
  ('84', '198', '0'),
  ('85', '136', '0'),
  ('86', '83', '0'),
  ('87', '86', '0'),
  ('88', '185', '0'),
  ('89', '89', '0'),
  ('90', '117', '0'),
  ('91', '93', '0'),
  ('92', '53', '0'),
  ('93', '191', '0'),
  ('94', '50', '0'),
  ('95', '120', '0'),
  ('96', '63', '0'),
  ('97', '102', '0'),
  ('98', '166', '0'),
  ('99', '79', '0'),
  ('100', '150', '0'),
  ('101', '24', '0'),
  ('121', '78', '0'),
  ('122', '150', '0'),
  ('123', '0', '0'),
  ('124', '92', '0'),
  ('125', '120', '0'),
  ('126', '169', '0'),
  ('127', '186', '0'),
  ('128', '172', '0'),
  ('129', '107', '0'),
  ('130', '167', '0'),
  ('131', '37', '0'),
  ('132', '70', '0'),
  ('133', '196', '0'),
  ('134', '211', '0'),
  ('135', '139', '0'),
  ('136', '150', '0'),
  ('137', '219', '0'),
  ('138', '86', '0'),
  ('139', '23', '0'),
  ('140', '204', '0'),
  ('141', '203', '0'),
  ('142', '134', '0'),
  ('143', '176', '0'),
  ('144', '57', '0'),
  ('145', '101', '0'),
  ('146', '68', '0'),
  ('147', '119', '0'),
  ('148', '50', '0'),
  ('149', '103', '0'),
  ('150', '66', '0'),
  ('151', '164', '0'),
  ('152', '132', '0'),
  ('153', '29', '0'),
  ('154', '32', '0'),
  ('155', '100', '0'),
  ('156', '185', '1'),
  ('157', '67', '0'),
  ('158', '108', '0'),
  ('159', '103', '0'),
  ('160', '163', '0'),
  ('161', '0', '0'),
  ('162', '218', '0'),
  ('163', '74', '1'),
  ('164', '21', '0'),
  ('165', '189', '0'),
  ('166', '104', '0'),
  ('167', '0', '0'),
  ('168', '89', '0'),
  ('169', '139', '0'),
  ('170', '76', '0'),
  ('241', '3', '0'),
  ('242', '3', '0'),
  ('243', '43', '0'),
  ('244', '3', '0'),
  ('245', '3', '0'),
  ('246', '3', '0')
;

-- ============================================================
-- Table: dbo.carts (2 rows)
-- ============================================================
INSERT INTO dbo.carts (cartid, userid, createdat) VALUES
  ('1', '44', '2026-01-29 23:38:22.307+07'),
  ('6', '79', '2026-02-26 07:10:54.66+07')
;

-- ============================================================
-- Table: dbo.cartitems (5 rows)
-- ============================================================
INSERT INTO dbo.cartitems (cartid, bookid, quantity) VALUES
  ('6', '14', '1'),
  ('6', '17', '1'),
  ('6', '28', '2'),
  ('6', '13', '5'),
  ('6', '23', '2')
;

-- ============================================================
-- Table: dbo.promotions (10 rows)
-- ============================================================
INSERT INTO dbo.promotions (promotionid, promotionname, discountpercent, startdate, enddate) VALUES
  ('1', 'Khuyến mãi Tết 2026', '20', '2026-02-02 07:00:00+07', '2026-02-10 07:00:00+07'),
  ('2', 'Giảm giá mùa hè', '15', '2026-02-02 07:00:00+07', '2026-06-30 07:00:00+07'),
  ('3', 'Back To School', '10', '2026-02-02 07:00:00+07', '2026-08-31 07:00:00+07'),
  ('4', 'Flash Sale 1 ngày', '30', '2026-02-02 07:00:00+07', '2026-03-10 07:00:00+07'),
  ('5', 'Black Friday', '50', '2026-02-02 07:00:00+07', '2026-11-28 07:00:00+07'),
  ('6', 'Cyber Monday', '40', '2026-02-02 07:00:00+07', '2026-12-01 07:00:00+07'),
  ('7', 'Khuyến mãi cuối năm', '25', '2026-02-02 07:00:00+07', '2026-12-31 07:00:00+07'),
  ('8', 'Sinh nhật BookStore', '35', '2026-02-02 07:00:00+07', '2026-09-07 07:00:00+07'),
  ('9', 'Ưu đãi khách hàng mới', '20', '2026-02-02 07:00:00+07', '2026-12-31 07:00:00+07'),
  ('10', 'Khuyến mãi cuối tuần', '15', '2026-02-02 07:00:00+07', '2026-04-07 07:00:00+07')
;

-- ============================================================
-- Table: dbo.promotionbooks (50 rows)
-- ============================================================
INSERT INTO dbo.promotionbooks (promotionid, bookid) VALUES
  ('4', '2'),
  ('7', '4'),
  ('5', '5'),
  ('1', '8'),
  ('5', '10'),
  ('7', '13'),
  ('9', '14'),
  ('10', '17'),
  ('7', '20'),
  ('3', '23'),
  ('2', '28'),
  ('3', '30'),
  ('9', '41'),
  ('6', '44'),
  ('5', '45'),
  ('6', '46'),
  ('8', '49'),
  ('6', '50'),
  ('7', '51'),
  ('9', '54'),
  ('4', '55'),
  ('9', '60'),
  ('3', '68'),
  ('5', '71'),
  ('4', '72'),
  ('3', '80'),
  ('9', '85'),
  ('8', '90'),
  ('5', '97'),
  ('8', '99'),
  ('6', '100'),
  ('7', '101'),
  ('6', '125'),
  ('6', '126'),
  ('8', '127'),
  ('10', '129'),
  ('2', '130'),
  ('7', '131'),
  ('7', '135'),
  ('3', '138'),
  ('5', '140'),
  ('5', '147'),
  ('8', '149'),
  ('9', '150'),
  ('5', '152'),
  ('1', '153'),
  ('3', '155'),
  ('7', '160'),
  ('4', '161'),
  ('1', '167')
;

-- ============================================================
-- Table: dbo.vouchers (5 rows)
-- ============================================================
INSERT INTO dbo.vouchers (voucherid, code, description, discounttype, discountvalue, minorderamount, maxdiscountamount, usagelimit, usedcount, startdate, enddate, isactive, createdat) VALUES
  ('1', 'TET2026', 'Giảm 10% mừng Tết 2026', 'Percent', '10.00', '200000.00', '50000.00', '100', '2', '2026-02-01 00:00:00+07', '2026-12-01 00:00:00+07', 't', '2026-02-09 15:45:20.323+07'),
  ('2', 'FREESHIP50', 'Giảm 50k phí vận chuyển', 'Fixed', '50000.00', '150000.00', NULL, '200', '0', '2026-02-01 00:00:00+07', '2026-03-01 00:00:00+07', 't', '2026-02-09 15:45:20.323+07'),
  ('3', 'NEWUSER100', 'Tân thủ giảm 100k', 'Fixed', '100000.00', '300000.00', NULL, '50', '1', '2026-02-01 00:00:00+07', '2026-12-01 00:00:00+07', 't', '2026-02-09 15:45:20.323+07'),
  ('4', 'SALE20', 'Giảm 20% tối đa 80k', 'Percent', '20.00', '250000.00', '80000.00', '80', '1', '2026-02-01 00:00:00+07', '2026-03-15 00:00:00+07', 't', '2026-02-09 15:45:20.323+07'),
  ('5', 'FLASH30', 'Flash sale giảm 30%', 'Percent', '30.00', '400000.00', '100000.00', '20', '2', '2026-02-09 00:00:00+07', '2026-12-01 00:00:00+07', 't', '2026-02-09 15:45:20.323+07')
;

-- ============================================================
-- Table: dbo.orders (17 rows)
-- ============================================================
INSERT INTO dbo.orders (orderid, userid, addressid, totalamount, currentstatus, canceledreason, canceledat, createdat, completedat, voucherid, paymentmethod, shippingfee, discountamount, note) VALUES
  ('4', '79', '15', '108750.00', 'Canceled', 'Canceled by customer', '2026-02-26 14:12:03.787165+07', '2026-02-11 04:05:53.063+07', NULL, NULL, 'COD', '0.00', '0.00', NULL),
  ('5', '79', '15', '108750.00', 'Processing', NULL, NULL, '2026-02-11 04:07:52.967+07', NULL, NULL, 'COD', '0.00', '0.00', NULL),
  ('22', '44', '9', '206550.00', 'Pending', NULL, NULL, '2026-02-11 08:55:11.963+07', NULL, '1', 'COD', '0.00', '22950.00', NULL),
  ('27', '44', '9', '73500.00', 'Processing', NULL, NULL, '2026-02-11 09:00:54.083+07', '2026-02-11 16:01:23.361234+07', NULL, 'VNPAY', '0.00', '0.00', NULL),
  ('38', '44', '9', '167250.00', 'Processing', NULL, NULL, '2026-02-23 11:38:58.137+07', '2026-02-23 18:39:40.023643+07', NULL, 'VNPAY', '0.00', '0.00', NULL),
  ('40', '44', '9', '76500.00', 'Pending', NULL, NULL, '2026-02-24 03:50:30.347+07', NULL, NULL, 'COD', '0.00', '0.00', NULL),
  ('42', '44', '9', '108750.00', 'Processing', NULL, NULL, '2026-02-24 03:52:26.183+07', '2026-02-24 10:52:53.965276+07', NULL, 'VNPAY', '0.00', '0.00', NULL),
  ('48', '79', '15', '27000.00', 'Pending', NULL, NULL, '2026-02-27 02:51:27.57+07', NULL, NULL, 'COD', '0.00', '0.00', NULL),
  ('3', '44', '10', '125000.00', 'CANCELED', NULL, '2026-04-22 23:42:17.600657+07', '2026-02-11 02:07:44.94+07', NULL, NULL, 'COD', '0.00', '0.00', NULL),
  ('37', '44', '9', '27000.00', 'RETURNED', NULL, '2026-04-16 06:14:37.907955+07', '2026-02-23 11:37:28.203+07', NULL, NULL, 'COD', '0.00', '0.00', NULL),
  ('36', '44', '9', '672250.00', 'PENDING', 'Canceled by customer', '2026-02-23 10:06:07.659147+07', '2026-02-22 09:58:21.38+07', '2026-02-22 16:59:00.462206+07', NULL, 'VNPAY', '0.00', '0.00', NULL),
  ('49', '81', '19', '125000.00', 'SHIPPED', NULL, '2026-04-16 06:13:33.684902+07', '2026-02-27 15:44:55.943+07', NULL, NULL, 'COD', '0.00', '0.00', NULL),
  ('50', '44', '9', '300000.00', 'DELIVERED', NULL, NULL, '2026-04-23 05:44:16.138657+07', '2026-04-23 05:46:01.062889+07', NULL, 'COD', '0.00', '0.00', NULL),
  ('51', '552', '20', '30000.00', 'DELIVERED', NULL, NULL, '2026-04-23 07:31:13.719846+07', '2026-04-23 07:33:05.629707+07', NULL, 'COD', '0.00', '0.00', NULL),
  ('52', '44', '9', '27000.00', 'PROCESSING', NULL, NULL, '2026-04-23 11:02:53.849684+07', NULL, NULL, 'COD', '0.00', '0.00', NULL),
  ('41', '44', '9', '95000.00', 'Pending', 'REQUEST_CANCEL:Customer requested cancellation', NULL, '2026-02-24 03:52:02.927+07', NULL, NULL, 'COD', '0.00', '0.00', NULL),
  ('53', '44', '9', '232750.00', 'PENDING', NULL, NULL, '2026-04-23 14:53:31.6695+07', NULL, NULL, 'COD', '0.00', '0.00', NULL)
;

-- ============================================================
-- Table: dbo.orderitems (22 rows)
-- ============================================================
INSERT INTO dbo.orderitems (orderid, bookid, quantity, price) VALUES
  ('3', '11', '1', '125000.00'),
  ('22', '30', '3', '76500.00'),
  ('27', '2', '1', '73500.00'),
  ('36', '1', '2', '95000.00'),
  ('36', '2', '1', '73500.00'),
  ('36', '3', '3', '115000.00'),
  ('36', '4', '1', '63750.00'),
  ('37', '23', '1', '27000.00'),
  ('38', '4', '1', '63750.00'),
  ('38', '23', '1', '27000.00'),
  ('38', '30', '1', '76500.00'),
  ('40', '30', '1', '76500.00'),
  ('41', '27', '1', '95000.00'),
  ('48', '23', '1', '27000.00'),
  ('49', '11', '1', '125000.00'),
  ('50', '162', '1', '30000.00'),
  ('50', '20', '1', '161250.00'),
  ('50', '13', '1', '108750.00'),
  ('51', '10', '1', '30000.00'),
  ('52', '23', '1', '27000.00'),
  ('53', '14', '1', '124000.00'),
  ('53', '13', '1', '108750.00')
;

-- ============================================================
-- Table: dbo.orderstatushistory (21 rows)
-- ============================================================
INSERT INTO dbo.orderstatushistory (historyid, orderid, status, note, changedat) VALUES
  ('3', '3', 'Pending', 'Order created', '2026-02-11 02:07:45.05+07'),
  ('4', '4', 'Pending', 'Order created', '2026-02-11 04:05:53.137+07'),
  ('5', '5', 'Pending', 'Order created', '2026-02-11 04:07:52.983+07'),
  ('17', '22', 'Pending', 'Order created', '2026-02-11 08:55:12.047+07'),
  ('23', '27', 'Pending', 'Order created', '2026-02-11 09:00:54.09+07'),
  ('24', '27', 'Processing', 'VNPAY payment success', '2026-02-11 09:01:23.37+07'),
  ('35', '36', 'Pending', 'Order created', '2026-02-22 09:58:21.467+07'),
  ('36', '36', 'Processing', 'VNPAY payment success', '2026-02-22 09:59:00.483+07'),
  ('37', '36', 'Canceled', 'Canceled by customer', '2026-02-23 03:06:07.663+07'),
  ('38', '37', 'Pending', 'Order created', '2026-02-23 11:37:28.283+07'),
  ('39', '38', 'Pending', 'Order created', '2026-02-23 11:38:58.153+07'),
  ('40', '38', 'Processing', 'VNPAY payment success', '2026-02-23 11:39:40.043+07'),
  ('42', '40', 'Pending', 'Order created', '2026-02-24 03:50:30.363+07'),
  ('43', '41', 'Pending', 'Order created', '2026-02-24 03:52:02.937+07'),
  ('44', '42', 'Pending', 'Order created', '2026-02-24 03:52:26.193+07'),
  ('45', '42', 'Processing', 'VNPAY payment success', '2026-02-24 03:52:53.98+07'),
  ('61', '4', 'Canceled', 'Canceled by customer', '2026-02-26 07:12:03.787+07'),
  ('62', '5', 'Processing', 'Status changed: Pending -> Processing', '2026-02-26 07:14:52.623+07'),
  ('72', '48', 'Pending', 'Order created', '2026-02-27 02:51:27.7+07'),
  ('73', '49', 'Pending', 'Order created', '2026-02-27 15:44:55.973+07'),
  ('74', '49', 'Processing', 'Status changed: Pending -> Processing', '2026-02-27 15:45:24.273+07')
;

-- ============================================================
-- Table: dbo.payments (17 rows)
-- ============================================================
INSERT INTO dbo.payments (paymentid, orderid, provider, transactioncode, amount, status, responsedata, paymentdate) VALUES
  ('3', '3', 'COD', NULL, '125000.00', 'Pending', NULL, '2026-02-11 02:07:45.067+07'),
  ('4', '4', 'COD', NULL, '108750.00', 'Pending', NULL, '2026-02-11 04:05:53.15+07'),
  ('5', '5', 'COD', NULL, '108750.00', 'Pending', NULL, '2026-02-11 04:07:52.99+07'),
  ('16', '22', 'COD', NULL, '206550.00', 'Pending', NULL, '2026-02-11 08:55:12.05+07'),
  ('21', '27', 'VNPAY', '15426623', '73500.00', 'Success', '{vnp_BankCode=NCB, vnp_PayDate=20260211160119, vnp_TransactionNo=15426623, vnp_TmnCode=1OWPWU1K, vnp_SecureHash=6e8bdb372bf86e04a5d802076e8d601fcda4954af8d2a1ec133a51601a033d5e38466168b3ba660440bd060066cee69f767591582b58a2173287db4a3c67bfd8, vnp_OrderInfo=Thanh toan don hang 27, vnp_TxnRef=27, vnp_Amount=7350000, vnp_CardType=ATM, vnp_TransactionStatus=00, vnp_BankTranNo=VNP15426623, vnp_ResponseCode=00}', '2026-02-11 09:01:23.37+07'),
  ('30', '36', 'VNPAY', '15428645', '672250.00', 'Success', '{vnp_BankCode=NCB, vnp_PayDate=20260222165856, vnp_TransactionNo=15428645, vnp_TmnCode=1OWPWU1K, vnp_SecureHash=997798ae1361b0bbfd261e406348008669605adbb10b07714f5303deff06aa06659266dbe186cc712c9b346755fb61b5695b3088f0e5c463dae8ad8a96d182ff, vnp_OrderInfo=Thanh toan don hang 36, vnp_TxnRef=36, vnp_Amount=67225000, vnp_CardType=ATM, vnp_TransactionStatus=00, vnp_BankTranNo=VNP15428645, vnp_ResponseCode=00}', '2026-02-22 09:59:00.483+07'),
  ('31', '37', 'COD', NULL, '27000.00', 'Pending', NULL, '2026-02-23 11:37:28.297+07'),
  ('32', '38', 'VNPAY', '15429070', '167250.00', 'Success', '{vnp_BankCode=NCB, vnp_PayDate=20260223183932, vnp_TransactionNo=15429070, vnp_TmnCode=1OWPWU1K, vnp_SecureHash=7a44533572a8823414f2c73ee1c4264fdd6dce219eca9b0b3ddd381eba2a650cbb4dbb794a09988d4385571e0313c80784037d067efb36dcb20261f52c4d1ad8, vnp_OrderInfo=Thanh toan don hang 38, vnp_TxnRef=38, vnp_Amount=16725000, vnp_CardType=ATM, vnp_TransactionStatus=00, vnp_BankTranNo=VNP15429070, vnp_ResponseCode=00}', '2026-02-23 11:39:40.043+07'),
  ('34', '40', 'COD', NULL, '76500.00', 'Pending', NULL, '2026-02-24 03:50:30.377+07'),
  ('35', '41', 'COD', NULL, '95000.00', 'Pending', NULL, '2026-02-24 03:52:02.943+07'),
  ('36', '42', 'VNPAY', '15429374', '108750.00', 'Success', '{vnp_BankCode=NCB, vnp_PayDate=20260224105252, vnp_TransactionNo=15429374, vnp_TmnCode=1OWPWU1K, vnp_SecureHash=e51efd04da4d21649af7934dfdff16fee6be5d2077f051961647b4f2ede5e2b7c94d4965278e073884774bb3c3cf4860eaf522e384fdc5e8945b4e12d4ee1c37, vnp_OrderInfo=Thanh toan don hang 42, vnp_TxnRef=42, vnp_Amount=10875000, vnp_CardType=ATM, vnp_TransactionStatus=00, vnp_BankTranNo=VNP15429374, vnp_ResponseCode=00}', '2026-02-24 03:52:53.98+07'),
  ('42', '48', 'COD', NULL, '27000.00', 'Pending', NULL, '2026-02-27 02:51:27.723+07'),
  ('43', '49', 'COD', NULL, '125000.00', 'Pending', NULL, '2026-02-27 15:44:55.98+07'),
  ('44', '50', 'COD', NULL, '300000.00', 'Success', NULL, '2026-04-23 05:44:16.167836+07'),
  ('45', '51', 'COD', NULL, '30000.00', 'Success', NULL, '2026-04-23 07:31:13.75555+07'),
  ('46', '52', 'COD', NULL, '27000.00', 'Success', NULL, '2026-04-23 11:02:53.934661+07'),
  ('47', '53', 'COD', NULL, '232750.00', 'Success', NULL, '2026-04-23 14:53:31.755697+07')
;

-- ============================================================
-- Table: dbo.emailverificationtokens (3 rows)
-- ============================================================
INSERT INTO dbo.emailverificationtokens (tokenid, userid, token, expiredat, isused, createdat) VALUES
  ('38', '44', '7d128bdf-2012-43a7-93f8-cbe66219781c', '2026-01-19 08:47:18.217+07', 't', NULL),
  ('59', '71', '711991df-b3f2-4311-bfe7-e97a0b018bb8', '2026-01-23 10:01:58.69+07', 'f', NULL),
  ('62', '552', '8375f3d7-baf6-41ca-83df-2de8a8558979', '2026-04-22 15:50:12.117396+07', 't', '2026-04-22 15:35:12.117396+07')
;

-- ============================================================
-- Table: dbo.reviews (3 rows)
-- ============================================================
INSERT INTO dbo.reviews (reviewid, bookid, userid, rating, comment, createdat) VALUES
  ('1', '126', '79', '5', 'Sách khá oke', '2026-02-27 06:33:55.647+07'),
  ('3', '11', '79', '4', 'Oke', '2026-02-27 06:36:35.417+07'),
  ('5', '13', '44', '5', 'tuyệt vời', '2026-04-15 22:37:58.646894+07')
;

-- ============================================================
-- Reset sequences
-- ============================================================
SELECT pg_catalog.setval('dbo.carts_cartid_seq', 2, true);
SELECT pg_catalog.setval('dbo.categories_categoryid_seq', 18, true);
SELECT pg_catalog.setval('dbo.emailverificationtokens_tokenid_seq', 62, true);
SELECT pg_catalog.setval('dbo.publishers_publisherid_seq', 23, true);
SELECT pg_catalog.setval('dbo.roles_roleid_seq', 4, true);
SELECT pg_catalog.setval('dbo.sysdiagrams_diagram_id_seq', 1, true);
SELECT pg_catalog.setval('public.users_seq', 701, true);

-- END OF FILE